"*Beginning for the 2015-16 season, reports from public health and clinical laboratories are presented separately in the weekly influenza update, FluView. Data from clinical laboratories include the weekly total number of specimens tested, the number of positive influenza test, and the percent positive by influenza type."
REGION TYPE,REGION,YEAR,WEEK,TOTAL SPECIMENS,TOTAL A,TOTAL B,PERCENT POSITIVE,PERCENT A,PERCENT B
HHS Regions,Region 1,2015,40,693,2,3,0.721501,0.2886,0.4329
HHS Regions,Region 9,2015,40,981,25,2,2.75229,2.54842,0.203874
HHS Regions,Region 1,2015,41,752,11,4,1.99468,1.46277,0.531915
HHS Regions,Region 9,2015,41,926,23,3,2.80778,2.4838,0.323974
HHS Regions,Region 1,2015,42,708,4,3,0.988701,0.564972,0.423729
HHS Regions,Region 9,2015,42,935,6,0,0.641711,0.641711,0
HHS Regions,Region 1,2015,43,716,1,1,0.27933,0.139665,0.139665
HHS Regions,Region 9,2015,43,969,3,1,0.412797,0.309598,0.103199
HHS Regions,Region 1,2015,44,781,0,1,0.128041,0,0.128041
HHS Regions,Region 9,2015,44,1107,11,3,1.26468,0.993677,0.271003
HHS Regions,Region 1,2015,45,682,2,1,0.439883,0.293255,0.146628
HHS Regions,Region 9,2015,45,1161,8,5,1.11972,0.689061,0.430663
HHS Regions,Region 1,2015,46,779,1,1,0.256739,0.12837,0.12837
HHS Regions,Region 9,2015,46,1200,4,2,0.5,0.333333,0.166667
HHS Regions,Region 1,2015,47,788,2,1,0.380711,0.253807,0.126904
HHS Regions,Region 9,2015,47,1060,5,1,0.566038,0.471698,0.0943396
HHS Regions,Region 1,2015,48,780,2,1,0.384615,0.25641,0.128205
HHS Regions,Region 9,2015,48,1279,12,7,1.48554,0.938233,0.547303
HHS Regions,Region 1,2015,49,821,2,5,0.852619,0.243605,0.609013
HHS Regions,Region 9,2015,49,1214,8,3,0.906096,0.658979,0.247117
HHS Regions,Region 1,2015,50,842,1,2,0.356295,0.118765,0.23753
HHS Regions,Region 9,2015,50,1233,14,10,1.94647,1.13544,0.81103
HHS Regions,Region 1,2015,51,886,9,2,1.24153,1.0158,0.225734
HHS Regions,Region 9,2015,51,1333,23,18,3.07577,1.72543,1.35034
HHS Regions,Region 1,2015,52,991,6,1,0.706357,0.605449,0.100908
HHS Regions,Region 9,2015,52,1465,40,19,4.0273,2.73038,1.29693
HHS Regions,Region 1,2016,1,1181,12,5,1.43946,1.01609,0.42337
HHS Regions,Region 9,2016,1,1714,99,36,7.87631,5.77596,2.10035
HHS Regions,Region 1,2016,2,1025,35,3,3.70732,3.41463,0.292683
HHS Regions,Region 9,2016,2,1725,128,42,9.85507,7.42029,2.43478
HHS Regions,Region 1,2016,3,1097,39,9,4.37557,3.55515,0.820419
HHS Regions,Region 9,2016,3,1904,163,74,12.4475,8.56092,3.88655
HHS Regions,Region 1,2016,4,1273,67,7,5.81304,5.26316,0.549882
HHS Regions,Region 9,2016,4,2192,193,87,12.7737,8.80474,3.96898
HHS Regions,Region 1,2016,5,1266,102,4,8.37283,8.05687,0.315956
HHS Regions,Region 9,2016,5,2373,245,103,14.665,10.3245,4.3405
HHS Regions,Region 1,2016,6,1402,85,28,8.05991,6.06277,1.99715
HHS Regions,Region 9,2016,6,2788,382,195,20.6958,13.7016,6.99426
HHS Regions,Region 1,2016,7,1311,161,24,14.1114,12.2807,1.83066
HHS Regions,Region 9,2016,7,2955,436,229,22.5042,14.7547,7.74958
HHS Regions,Region 1,2016,8,1726,260,26,16.5701,15.0637,1.50637
HHS Regions,Region 9,2016,8,3051,388,285,22.0583,12.7171,9.3412
HHS Regions,Region 1,2016,9,1997,332,69,20.0801,16.6249,3.45518
HHS Regions,Region 9,2016,9,2945,351,277,21.3243,11.9185,9.40577
HHS Regions,Region 1,2016,10,2480,565,102,26.8952,22.7823,4.1129
HHS Regions,Region 9,2016,10,2514,268,213,19.1329,10.6603,8.47255
HHS Regions,Region 1,2016,11,2527,469,118,23.2291,18.5596,4.66957
HHS Regions,Region 9,2016,11,2573,181,179,13.9914,7.03459,6.95686
HHS Regions,Region 1,2016,12,2462,398,128,21.3647,16.1657,5.19903
HHS Regions,Region 9,2016,12,2059,137,131,13.016,6.65372,6.36231
HHS Regions,Region 1,2016,13,2380,352,141,20.7143,14.7899,5.92437
HHS Regions,Region 9,2016,13,1778,100,71,9.61755,5.6243,3.99325
HHS Regions,Region 1,2016,14,1964,184,132,16.0896,9.36864,6.72098
HHS Regions,Region 9,2016,14,1681,65,68,7.91196,3.86675,4.04521
HHS Regions,Region 1,2016,15,1743,142,154,16.9822,8.14687,8.83534
HHS Regions,Region 9,2016,15,1415,48,33,5.72438,3.39223,2.33216
HHS Regions,Region 1,2016,16,1602,114,147,16.2921,7.1161,9.17603
HHS Regions,Region 9,2016,16,1224,35,23,4.73856,2.85948,1.87908
HHS Regions,Region 1,2016,17,1354,79,127,15.2142,5.83456,9.37962
HHS Regions,Region 9,2016,17,1312,31,26,4.34451,2.3628,1.98171
HHS Regions,Region 1,2016,18,1139,45,92,12.0281,3.95083,8.07726
HHS Regions,Region 9,2016,18,1089,21,24,4.13223,1.92837,2.20386
HHS Regions,Region 1,2016,19,1028,27,86,10.9922,2.62646,8.36576
HHS Regions,Region 9,2016,19,917,17,13,3.27154,1.85387,1.41767
HHS Regions,Region 1,2016,20,851,13,70,9.75323,1.52761,8.22562
HHS Regions,Region 9,2016,20,897,13,8,2.34114,1.44928,0.891862
HHS Regions,Region 1,2016,21,701,5,35,5.70613,0.713267,4.99287
HHS Regions,Region 9,2016,21,876,8,17,2.85388,0.913242,1.94064
HHS Regions,Region 1,2016,22,521,3,9,2.30326,0.575816,1.72745
HHS Regions,Region 9,2016,22,778,4,6,1.28535,0.514139,0.771208
HHS Regions,Region 1,2016,23,391,0,7,1.79028,0,1.79028
HHS Regions,Region 9,2016,23,727,7,8,2.06327,0.962861,1.10041
HHS Regions,Region 1,2016,24,367,3,2,1.3624,0.817439,0.544959
HHS Regions,Region 9,2016,24,685,6,3,1.31387,0.875912,0.437956
HHS Regions,Region 1,2016,25,296,1,2,1.01351,0.337838,0.675676
HHS Regions,Region 9,2016,25,699,1,3,0.572246,0.143062,0.429185
HHS Regions,Region 1,2016,26,268,1,0,0.373134,0.373134,0
HHS Regions,Region 9,2016,26,632,4,4,1.26582,0.632911,0.632911
HHS Regions,Region 1,2016,27,246,1,0,0.406504,0.406504,0
HHS Regions,Region 9,2016,27,387,1,0,0.258398,0.258398,0
HHS Regions,Region 1,2016,28,228,0,0,0,0,0
HHS Regions,Region 9,2016,28,634,2,6,1.26183,0.315457,0.946372
HHS Regions,Region 1,2016,29,95,1,1,2.10526,1.05263,1.05263
HHS Regions,Region 9,2016,29,684,7,0,1.02339,1.02339,0
HHS Regions,Region 1,2016,30,112,0,0,0,0,0
HHS Regions,Region 9,2016,30,569,2,1,0.527241,0.351494,0.175747
HHS Regions,Region 1,2016,31,203,0,1,0.492611,0,0.492611
HHS Regions,Region 9,2016,31,567,2,1,0.529101,0.352734,0.176367
HHS Regions,Region 1,2016,32,177,0,0,0,0,0
HHS Regions,Region 9,2016,32,485,1,5,1.23711,0.206186,1.03093
HHS Regions,Region 1,2016,33,188,1,0,0.531915,0.531915,0
HHS Regions,Region 9,2016,33,649,0,1,0.154083,0,0.154083
HHS Regions,Region 1,2016,34,172,0,0,0,0,0
HHS Regions,Region 9,2016,34,522,5,1,1.14943,0.957854,0.191571
HHS Regions,Region 1,2016,35,180,2,0,1.11111,1.11111,0
HHS Regions,Region 9,2016,35,678,9,0,1.32743,1.32743,0
HHS Regions,Region 1,2016,36,239,1,0,0.41841,0.41841,0
HHS Regions,Region 9,2016,36,646,5,1,0.928793,0.773994,0.154799
HHS Regions,Region 1,2016,37,315,0,0,0,0,0
HHS Regions,Region 9,2016,37,735,8,1,1.22449,1.08844,0.136054
HHS Regions,Region 1,2016,38,415,2,0,0.481928,0.481928,0
HHS Regions,Region 9,2016,38,794,15,4,2.39295,1.88917,0.503778
HHS Regions,Region 1,2016,39,465,2,0,0.430108,0.430108,0
HHS Regions,Region 9,2016,39,901,5,4,0.99889,0.554939,0.443951
HHS Regions,Region 1,2016,40,654,5,1,0.917431,0.764526,0.152905
HHS Regions,Region 9,2016,40,992,6,1,0.705645,0.604839,0.100806
HHS Regions,Region 1,2016,41,810,5,1,0.740741,0.617284,0.123457
HHS Regions,Region 9,2016,41,1036,10,1,1.06178,0.965251,0.0965251
HHS Regions,Region 1,2016,42,870,1,0,0.114943,0.114943,0
HHS Regions,Region 9,2016,42,1026,6,3,0.877193,0.584795,0.292398
HHS Regions,Region 1,2016,43,790,2,2,0.506329,0.253165,0.253165
HHS Regions,Region 9,2016,43,976,14,2,1.63934,1.43443,0.204918
HHS Regions,Region 1,2016,44,790,10,3,1.64557,1.26582,0.379747
HHS Regions,Region 9,2016,44,1081,13,1,1.2951,1.20259,0.0925069
HHS Regions,Region 1,2016,45,883,7,2,1.01925,0.792752,0.226501
HHS Regions,Region 9,2016,45,1215,16,2,1.48148,1.31687,0.164609
HHS Regions,Region 1,2016,46,919,12,1,1.41458,1.30577,0.108814
HHS Regions,Region 9,2016,46,1223,15,1,1.30826,1.22649,0.0817661
HHS Regions,Region 1,2016,47,915,8,4,1.31148,0.874317,0.437158
HHS Regions,Region 9,2016,47,1173,26,6,2.72805,2.21654,0.511509
HHS Regions,Region 1,2016,48,1135,29,3,2.81938,2.55507,0.264317
HHS Regions,Region 9,2016,48,1526,37,8,2.94889,2.42464,0.524246
HHS Regions,Region 1,2016,49,1042,18,5,2.20729,1.72745,0.479846
HHS Regions,Region 9,2016,49,1431,55,10,4.54228,3.84347,0.698812
HHS Regions,Region 1,2016,50,1115,40,4,3.94619,3.58744,0.358744
HHS Regions,Region 9,2016,50,1737,92,7,5.69948,5.29649,0.402994
HHS Regions,Region 1,2016,51,1291,96,9,8.13323,7.4361,0.697134
HHS Regions,Region 9,2016,51,1900,137,6,7.52632,7.21053,0.315789
HHS Regions,Region 1,2016,52,1951,234,13,12.6602,11.9938,0.666325
HHS Regions,Region 9,2016,52,2273,195,28,9.81082,8.57897,1.23185
HHS Regions,Region 1,2017,1,2070,223,20,11.7391,10.7729,0.966184
HHS Regions,Region 9,2017,1,2528,330,10,13.4494,13.0538,0.39557
HHS Regions,Region 1,2017,2,2145,300,16,14.7319,13.986,0.745921
HHS Regions,Region 9,2017,2,2602,354,12,14.0661,13.6049,0.461184
HHS Regions,Region 1,2017,3,2310,388,22,17.7489,16.7965,0.952381
HHS Regions,Region 9,2017,3,2380,276,17,12.3109,11.5966,0.714286
HHS Regions,Region 1,2017,4,2615,445,25,17.9732,17.0172,0.956023
HHS Regions,Region 9,2017,4,2298,244,17,11.3577,10.6179,0.739774
HHS Regions,Region 1,2017,5,2580,552,31,22.5969,21.3953,1.20155
HHS Regions,Region 9,2017,5,2412,299,16,13.0597,12.3964,0.66335
HHS Regions,Region 1,2017,6,2903,762,53,28.0744,26.2487,1.8257
HHS Regions,Region 9,2017,6,2496,315,25,13.6218,12.6202,1.0016
HHS Regions,Region 1,2017,7,2880,664,73,25.5903,23.0556,2.53472
HHS Regions,Region 9,2017,7,2392,226,28,10.6187,9.44816,1.17057
HHS Regions,Region 1,2017,8,2706,650,91,27.3836,24.0207,3.3629
HHS Regions,Region 9,2017,8,2133,178,20,9.2827,8.34505,0.937647
HHS Regions,Region 1,2017,9,2434,416,113,21.7338,17.0912,4.64256
HHS Regions,Region 9,2017,9,1996,129,22,7.56513,6.46293,1.1022
HHS Regions,Region 1,2017,10,2185,322,127,20.5492,14.7368,5.81236
HHS Regions,Region 9,2017,10,2068,122,30,7.3501,5.89942,1.45068
HHS Regions,Region 1,2017,11,2054,231,143,18.2084,11.2463,6.96203
HHS Regions,Region 9,2017,11,1954,117,33,7.67656,5.98772,1.68884
HHS Regions,Region 1,2017,12,2111,212,229,20.8906,10.0426,10.8479
HHS Regions,Region 9,2017,12,1712,84,30,6.65888,4.90654,1.75234
HHS Regions,Region 1,2017,13,2151,202,331,24.7792,9.39098,15.3882
HHS Regions,Region 9,2017,13,1635,72,36,6.6055,4.40367,2.20183
HHS Regions,Region 1,2017,14,2387,170,416,24.5496,7.12191,17.4277
HHS Regions,Region 9,2017,14,1544,63,51,7.38342,4.08031,3.30311
HHS Regions,Region 1,2017,15,2233,126,354,21.4957,5.64263,15.8531
HHS Regions,Region 9,2017,15,1323,27,56,6.27362,2.04082,4.2328
HHS Regions,Region 1,2017,16,1905,64,259,16.9554,3.35958,13.5958
HHS Regions,Region 9,2017,16,1303,31,56,6.6769,2.37913,4.29777
HHS Regions,Region 1,2017,17,1540,30,180,13.6364,1.94805,11.6883
HHS Regions,Region 9,2017,17,1209,24,43,5.54177,1.98511,3.55666
HHS Regions,Region 1,2017,18,1100,12,87,9,1.09091,7.90909
HHS Regions,Region 9,2017,18,1073,27,47,6.89655,2.51631,4.38024
HHS Regions,Region 1,2017,19,1060,15,41,5.28302,1.41509,3.86792
HHS Regions,Region 9,2017,19,1124,19,59,6.9395,1.69039,5.24911
HHS Regions,Region 1,2017,20,906,7,36,4.74614,0.772627,3.97351
HHS Regions,Region 9,2017,20,1104,22,59,7.33696,1.99275,5.3442
HHS Regions,Region 1,2017,21,680,1,9,1.47059,0.147059,1.32353
HHS Regions,Region 9,2017,21,1064,17,77,8.83459,1.59774,7.23684
HHS Regions,Region 1,2017,22,600,2,6,1.33333,0.333333,1
HHS Regions,Region 9,2017,22,988,6,55,6.17409,0.607287,5.5668
HHS Regions,Region 1,2017,23,449,0,3,0.668151,0,0.668151
HHS Regions,Region 9,2017,23,938,9,43,5.54371,0.959488,4.58422
HHS Regions,Region 1,2017,24,430,0,0,0,0,0
HHS Regions,Region 9,2017,24,884,9,21,3.39367,1.0181,2.37557
HHS Regions,Region 1,2017,25,350,5,0,1.42857,1.42857,0
HHS Regions,Region 9,2017,25,759,6,18,3.16206,0.790514,2.37154
HHS Regions,Region 1,2017,26,301,1,1,0.664452,0.332226,0.332226
HHS Regions,Region 9,2017,26,697,8,17,3.5868,1.14778,2.43902
HHS Regions,Region 1,2017,27,285,1,0,0.350877,0.350877,0
HHS Regions,Region 9,2017,27,646,9,11,3.09598,1.39319,1.70279
HHS Regions,Region 1,2017,28,257,4,0,1.55642,1.55642,0
HHS Regions,Region 9,2017,28,709,6,6,1.69252,0.846262,0.846262
HHS Regions,Region 1,2017,29,249,1,0,0.401606,0.401606,0
HHS Regions,Region 9,2017,29,657,6,2,1.21766,0.913242,0.304414
HHS Regions,Region 1,2017,30,290,3,0,1.03448,1.03448,0
HHS Regions,Region 9,2017,30,658,3,7,1.51976,0.455927,1.06383
HHS Regions,Region 1,2017,31,244,2,1,1.22951,0.819672,0.409836
HHS Regions,Region 9,2017,31,608,4,1,0.822368,0.657895,0.164474
HHS Regions,Region 1,2017,32,273,3,1,1.4652,1.0989,0.3663
HHS Regions,Region 9,2017,32,612,7,5,1.96078,1.14379,0.816993
HHS Regions,Region 1,2017,33,295,1,1,0.677966,0.338983,0.338983
HHS Regions,Region 9,2017,33,636,6,4,1.57233,0.943396,0.628931
HHS Regions,Region 1,2017,34,286,1,1,0.699301,0.34965,0.34965
HHS Regions,Region 9,2017,34,745,5,5,1.34228,0.671141,0.671141
HHS Regions,Region 1,2017,35,301,1,0,0.332226,0.332226,0
HHS Regions,Region 9,2017,35,768,4,4,1.04167,0.520833,0.520833
HHS Regions,Region 1,2017,36,347,5,0,1.44092,1.44092,0
HHS Regions,Region 9,2017,36,808,10,3,1.60891,1.23762,0.371287
HHS Regions,Region 1,2017,37,435,7,0,1.6092,1.6092,0
HHS Regions,Region 9,2017,37,842,8,5,1.54394,0.950119,0.593824
HHS Regions,Region 1,2017,38,552,3,1,0.724638,0.543478,0.181159
HHS Regions,Region 9,2017,38,900,10,1,1.22222,1.11111,0.111111
HHS Regions,Region 1,2017,39,583,4,0,0.686106,0.686106,0
HHS Regions,Region 9,2017,39,1062,12,5,1.60075,1.12994,0.47081
HHS Regions,Region 1,2017,40,781,3,1,0.512164,0.384123,0.128041
HHS Regions,Region 9,2017,40,1092,7,5,1.0989,0.641026,0.457875
HHS Regions,Region 1,2017,41,846,5,0,0.591017,0.591017,0
HHS Regions,Region 9,2017,41,1142,18,5,2.01401,1.57618,0.437828
HHS Regions,Region 1,2017,42,879,7,1,0.910125,0.796359,0.113766
HHS Regions,Region 9,2017,42,1185,23,5,2.36287,1.94093,0.421941
HHS Regions,Region 1,2017,43,943,2,4,0.636267,0.212089,0.424178
HHS Regions,Region 9,2017,43,1244,41,3,3.53698,3.29582,0.241158
HHS Regions,Region 1,2017,44,980,12,1,1.32653,1.22449,0.102041
HHS Regions,Region 9,2017,44,1437,63,19,5.70633,4.38413,1.3222
HHS Regions,Region 1,2017,45,1091,20,1,1.92484,1.83318,0.091659
HHS Regions,Region 9,2017,45,1536,96,16,7.29167,6.25,1.04167
HHS Regions,Region 1,2017,46,1266,18,4,1.73776,1.4218,0.315956
HHS Regions,Region 9,2017,46,1656,116,18,8.09179,7.00483,1.08696
HHS Regions,Region 1,2017,47,1277,22,4,2.03602,1.72279,0.313234
HHS Regions,Region 9,2017,47,1762,207,16,12.6561,11.748,0.908059
HHS Regions,Region 1,2017,48,1422,28,13,2.88326,1.96906,0.914205
HHS Regions,Region 9,2017,48,2027,239,28,13.1722,11.7908,1.38135
HHS Regions,Region 1,2017,49,1468,31,14,3.0654,2.11172,0.953678
HHS Regions,Region 9,2017,49,2405,407,47,18.8773,16.9231,1.95426
HHS Regions,Region 1,2017,50,1701,97,17,6.70194,5.70253,0.999412
HHS Regions,Region 9,2017,50,3013,694,77,25.5891,23.0335,2.55559
HHS Regions,Region 1,2017,51,1925,146,42,9.76623,7.58442,2.18182
HHS Regions,Region 9,2017,51,3866,1070,166,31.971,27.6772,4.29384
HHS Regions,Region 1,2017,52,2176,266,54,14.7059,12.2243,2.48162
HHS Regions,Region 9,2017,52,4338,1331,225,35.8691,30.6823,5.18672
HHS Regions,Region 1,2018,1,2939,388,78,15.8557,13.2018,2.65396
HHS Regions,Region 9,2018,1,4415,1066,227,29.2865,24.145,5.14156
HHS Regions,Region 1,2018,2,3104,547,105,21.0052,17.6224,3.38273
HHS Regions,Region 9,2018,2,3825,629,203,21.7516,16.4444,5.30719
HHS Regions,Region 1,2018,3,3457,672,140,23.4886,19.4388,4.04975
HHS Regions,Region 9,2018,3,3296,357,166,15.8677,10.8313,5.03641
HHS Regions,Region 1,2018,4,4605,1007,262,27.557,21.8675,5.68947
HHS Regions,Region 9,2018,4,3265,283,213,15.1914,8.66769,6.52374
HHS Regions,Region 1,2018,5,5205,1177,348,29.2988,22.6129,6.68588
HHS Regions,Region 9,2018,5,3346,250,260,15.2421,7.47161,7.77047
HHS Regions,Region 1,2018,6,5560,1317,515,32.9496,23.6871,9.26259
HHS Regions,Region 9,2018,6,3634,218,363,15.9879,5.9989,9.98899
HHS Regions,Region 1,2018,7,5694,1323,604,33.8426,23.235,10.6077
HHS Regions,Region 9,2018,7,3521,168,351,14.7401,4.77137,9.96876
HHS Regions,Region 1,2018,8,4752,904,513,29.819,19.0236,10.7955
HHS Regions,Region 9,2018,8,2937,111,242,12.0191,3.77937,8.2397
HHS Regions,Region 1,2018,9,3753,605,355,25.5795,16.1204,9.4591
HHS Regions,Region 9,2018,9,2757,112,292,14.6536,4.06239,10.5912
HHS Regions,Region 1,2018,10,3042,297,256,18.1788,9.76331,8.41552
HHS Regions,Region 9,2018,10,2679,119,256,13.9978,4.44196,9.5558
HHS Regions,Region 1,2018,11,2451,230,202,17.6255,9.38392,8.24153
HHS Regions,Region 9,2018,11,2606,104,271,14.3899,3.99079,10.3991
HHS Regions,Region 1,2018,12,2385,188,184,15.5975,7.8826,7.71488
HHS Regions,Region 9,2018,12,2214,51,150,9.07859,2.30352,6.77507
HHS Regions,Region 1,2018,13,2076,159,201,17.341,7.65896,9.68208
HHS Regions,Region 9,2018,13,1820,26,102,7.03297,1.42857,5.6044
HHS Regions,Region 1,2018,14,2076,125,224,16.8112,6.02119,10.79
HHS Regions,Region 9,2018,14,1499,22,75,6.47098,1.46765,5.00334
HHS Regions,Region 1,2018,15,1919,115,197,16.2585,5.9927,10.2658
HHS Regions,Region 9,2018,15,1257,13,45,4.61416,1.03421,3.57995
HHS Regions,Region 1,2018,16,1654,73,153,13.6638,4.41354,9.2503
HHS Regions,Region 9,2018,16,932,9,21,3.21888,0.965665,2.25322
HHS Regions,Region 1,2018,17,1425,48,101,10.4561,3.36842,7.08772
HHS Regions,Region 9,2018,17,1080,18,24,3.88889,1.66667,2.22222
HHS Regions,Region 1,2018,18,1094,15,50,5.9415,1.37112,4.57038
HHS Regions,Region 9,2018,18,986,7,15,2.23124,0.709939,1.5213
HHS Regions,Region 1,2018,19,843,4,20,2.84698,0.474496,2.37248
HHS Regions,Region 9,2018,19,882,4,5,1.02041,0.453515,0.566893
HHS Regions,Region 1,2018,20,768,12,10,2.86458,1.5625,1.30208
HHS Regions,Region 9,2018,20,805,2,8,1.24224,0.248447,0.993789
HHS Regions,Region 1,2018,21,650,8,4,1.84615,1.23077,0.615385
HHS Regions,Region 9,2018,21,686,5,11,2.33236,0.728863,1.6035
HHS Regions,Region 1,2018,22,588,2,3,0.85034,0.340136,0.510204
HHS Regions,Region 9,2018,22,680,4,8,1.76471,0.588235,1.17647
HHS Regions,Region 1,2018,23,498,1,2,0.60241,0.200803,0.401606
HHS Regions,Region 9,2018,23,624,0,14,2.24359,0,2.24359
HHS Regions,Region 1,2018,24,491,0,1,0.203666,0,0.203666
HHS Regions,Region 9,2018,24,514,1,4,0.972763,0.194553,0.77821
HHS Regions,Region 1,2018,25,435,0,0,0,0,0
HHS Regions,Region 9,2018,25,547,1,3,0.731261,0.182815,0.548446
HHS Regions,Region 1,2018,26,305,2,0,0.655738,0.655738,0
HHS Regions,Region 9,2018,26,388,2,0,0.515464,0.515464,0
HHS Regions,Region 1,2018,27,322,0,0,0,0,0
HHS Regions,Region 9,2018,27,482,0,4,0.829876,0,0.829876
HHS Regions,Region 1,2018,28,321,1,0,0.311526,0.311526,0
HHS Regions,Region 9,2018,28,344,2,0,0.581395,0.581395,0
HHS Regions,Region 1,2018,29,314,0,0,0,0,0
HHS Regions,Region 9,2018,29,371,0,0,0,0,0
HHS Regions,Region 1,2018,30,309,2,1,0.970874,0.647249,0.323625
HHS Regions,Region 9,2018,30,347,2,0,0.576369,0.576369,0
HHS Regions,Region 1,2018,31,301,0,0,0,0,0
HHS Regions,Region 9,2018,31,338,3,0,0.887574,0.887574,0
HHS Regions,Region 1,2018,32,321,0,0,0,0,0
HHS Regions,Region 9,2018,32,342,3,0,0.877193,0.877193,0
HHS Regions,Region 1,2018,33,307,0,0,0,0,0
HHS Regions,Region 9,2018,33,392,3,0,0.765306,0.765306,0
HHS Regions,Region 1,2018,34,322,0,0,0,0,0
HHS Regions,Region 9,2018,34,382,0,0,0,0,0
HHS Regions,Region 1,2018,35,287,0,0,0,0,0
HHS Regions,Region 9,2018,35,417,2,0,0.479616,0.479616,0
HHS Regions,Region 1,2018,36,347,1,0,0.288184,0.288184,0
HHS Regions,Region 9,2018,36,458,1,2,0.655022,0.218341,0.436681
HHS Regions,Region 1,2018,37,486,0,0,0,0,0
HHS Regions,Region 9,2018,37,549,3,1,0.728597,0.546448,0.182149
HHS Regions,Region 1,2018,38,609,1,1,0.328407,0.164204,0.164204
HHS Regions,Region 9,2018,38,510,0,1,0.196078,0,0.196078
HHS Regions,Region 1,2018,39,793,8,1,1.13493,1.00883,0.126103
HHS Regions,Region 9,2018,39,550,5,0,0.909091,0.909091,0
HHS Regions,Region 1,2018,40,922,2,1,0.32538,0.21692,0.10846
HHS Regions,Region 9,2018,40,669,4,1,0.747384,0.597907,0.149477
HHS Regions,Region 1,2018,41,971,2,2,0.411946,0.205973,0.205973
HHS Regions,Region 9,2018,41,698,9,1,1.43266,1.2894,0.143266
HHS Regions,Region 1,2018,42,1110,2,0,0.18018,0.18018,0
HHS Regions,Region 9,2018,42,777,5,5,1.287,0.643501,0.643501
HHS Regions,Region 1,2018,43,1152,12,4,1.38889,1.04167,0.347222
HHS Regions,Region 9,2018,43,812,4,0,0.492611,0.492611,0
HHS Regions,Region 1,2018,44,1279,19,5,1.87647,1.48554,0.39093
HHS Regions,Region 9,2018,44,908,14,3,1.87225,1.54185,0.330396
HHS Regions,Region 1,2018,45,1268,25,0,1.97161,1.97161,0
HHS Regions,Region 9,2018,45,973,14,2,1.6444,1.43885,0.20555
HHS Regions,Region 1,2018,46,1234,14,4,1.45867,1.13452,0.324149
HHS Regions,Region 9,2018,46,995,18,0,1.80905,1.80905,0
HHS Regions,Region 1,2018,47,1256,24,0,1.91083,1.91083,0
HHS Regions,Region 9,2018,47,989,38,1,3.94338,3.84226,0.101112
HHS Regions,Region 1,2018,48,1551,39,3,2.70793,2.51451,0.193424
HHS Regions,Region 9,2018,48,1197,69,3,6.01504,5.76441,0.250627
HHS Regions,Region 1,2018,49,1568,72,5,4.91071,4.59184,0.318878
HHS Regions,Region 9,2018,49,1405,148,5,10.8897,10.5338,0.355872
HHS Regions,Region 1,2018,50,1748,136,5,8.06636,7.78032,0.286041
HHS Regions,Region 9,2018,50,1735,284,5,16.6571,16.3689,0.288184
HHS Regions,Region 1,2018,51,2194,264,1,12.0784,12.0328,0.0455789
HHS Regions,Region 9,2018,51,1827,272,6,15.2162,14.8878,0.328407
HHS Regions,Region 1,2018,52,2731,465,5,17.2098,17.0267,0.183083
HHS Regions,Region 9,2018,52,1941,287,9,15.2499,14.7862,0.463679
HHS Regions,Region 1,2019,1,3314,552,1,16.6868,16.6566,0.030175
HHS Regions,Region 9,2019,1,1850,240,7,13.3514,12.973,0.378378
HHS Regions,Region 1,2019,2,3305,596,6,18.2148,18.0333,0.181543
HHS Regions,Region 9,2019,2,2090,296,6,14.4498,14.1627,0.287081
HHS Regions,Region 1,2019,3,3355,702,5,21.073,20.924,0.149031
HHS Regions,Region 9,2019,3,1920,272,8,14.5833,14.1667,0.416667
HHS Regions,Region 1,2019,4,3538,921,5,26.173,26.0317,0.141323
HHS Regions,Region 9,2019,4,1928,226,9,12.1888,11.722,0.466805
HHS Regions,Region 1,2019,5,3688,978,8,26.7354,26.5184,0.21692
HHS Regions,Region 9,2019,5,2178,289,10,13.7282,13.2691,0.459137
HHS Regions,Region 1,2019,6,3889,1004,6,25.9707,25.8164,0.154281
HHS Regions,Region 9,2019,6,2116,243,12,12.051,11.4839,0.567108
HHS Regions,Region 1,2019,7,3403,805,11,23.9788,23.6556,0.323244
HHS Regions,Region 9,2019,7,2031,259,5,12.9985,12.7523,0.246184
HHS Regions,Region 1,2019,8,3223,677,8,21.2535,21.0053,0.248216
HHS Regions,Region 9,2019,8,2207,284,12,13.4119,12.8681,0.543725
HHS Regions,Region 1,2019,9,2903,567,20,20.2205,19.5315,0.688942
HHS Regions,Region 9,2019,9,2216,318,7,14.6661,14.3502,0.315884
HHS Regions,Region 1,2019,10,2611,475,20,18.9583,18.1923,0.76599
HHS Regions,Region 9,2019,10,2187,283,4,13.123,12.9401,0.182899
HHS Regions,Region 1,2019,11,2704,480,46,19.4527,17.7515,1.70118
HHS Regions,Region 9,2019,11,2054,224,11,11.4411,10.9056,0.53554
HHS Regions,Region 1,2019,12,2631,465,90,21.0946,17.6739,3.42075
HHS Regions,Region 9,2019,12,2027,234,8,11.9388,11.5442,0.394672
HHS Regions,Region 1,2019,13,2638,417,110,19.9773,15.8074,4.16983
HHS Regions,Region 9,2019,13,1768,164,6,9.61538,9.27602,0.339367
HHS Regions,Region 1,2019,14,2443,380,139,21.2444,15.5546,5.68973
HHS Regions,Region 9,2019,14,1598,143,14,9.82478,8.94869,0.876095
HHS Regions,Region 1,2019,15,2445,316,172,19.9591,12.9243,7.03476
HHS Regions,Region 9,2019,15,1415,72,5,5.4417,5.08834,0.353357
HHS Regions,Region 1,2019,16,1999,150,129,13.957,7.50375,6.45323
HHS Regions,Region 9,2019,16,1355,105,10,8.48708,7.74908,0.738007
HHS Regions,Region 1,2019,17,1638,69,85,9.40171,4.21245,5.18926
HHS Regions,Region 9,2019,17,1382,84,9,6.72938,6.07815,0.65123
HHS Regions,Region 1,2019,18,1442,35,44,5.4785,2.42718,3.05132
HHS Regions,Region 9,2019,18,1164,50,21,6.09966,4.29553,1.80412
HHS Regions,Region 1,2019,19,1151,28,35,5.4735,2.43267,3.04083
HHS Regions,Region 9,2019,19,1122,42,6,4.27807,3.74332,0.534759
HHS Regions,Region 1,2019,20,1160,12,29,3.53448,1.03448,2.5
HHS Regions,Region 9,2019,20,1004,28,6,3.38645,2.78884,0.59761
HHS Regions,Region 1,2019,21,1034,6,20,2.51451,0.580271,1.93424
HHS Regions,Region 9,2019,21,1041,29,17,4.41883,2.78578,1.63305
HHS Regions,Region 1,2019,22,818,5,14,2.32274,0.611247,1.71149
HHS Regions,Region 9,2019,22,987,20,17,3.74873,2.02634,1.72239
HHS Regions,Region 1,2019,23,719,4,8,1.66898,0.556328,1.11266
HHS Regions,Region 9,2019,23,883,19,16,3.96376,2.15176,1.812
HHS Regions,Region 1,2019,24,683,6,5,1.61054,0.878477,0.732064
HHS Regions,Region 9,2019,24,854,14,21,4.09836,1.63934,2.45902
HHS Regions,Region 1,2019,25,594,5,1,1.0101,0.841751,0.16835
HHS Regions,Region 9,2019,25,723,5,10,2.07469,0.691563,1.38313
HHS Regions,Region 1,2019,26,373,5,2,1.87668,1.34048,0.536193
HHS Regions,Region 9,2019,26,621,4,10,2.25443,0.644122,1.61031
HHS Regions,Region 1,2019,27,426,8,0,1.87793,1.87793,0
HHS Regions,Region 9,2019,27,555,6,13,3.42342,1.08108,2.34234
HHS Regions,Region 1,2019,28,458,3,0,0.655022,0.655022,0
HHS Regions,Region 9,2019,28,649,10,18,4.31433,1.54083,2.7735
HHS Regions,Region 1,2019,29,396,2,0,0.505051,0.505051,0
HHS Regions,Region 9,2019,29,539,2,10,2.22635,0.371058,1.85529
HHS Regions,Region 1,2019,30,379,4,0,1.05541,1.05541,0
HHS Regions,Region 9,2019,30,542,2,7,1.66052,0.369004,1.29151
HHS Regions,Region 1,2019,31,330,5,0,1.51515,1.51515,0
HHS Regions,Region 9,2019,31,574,1,8,1.56794,0.174216,1.39373
HHS Regions,Region 1,2019,32,354,0,2,0.564972,0,0.564972
HHS Regions,Region 9,2019,32,489,5,5,2.04499,1.02249,1.02249
HHS Regions,Region 1,2019,33,388,1,2,0.773196,0.257732,0.515464
HHS Regions,Region 9,2019,33,638,9,6,2.3511,1.41066,0.940439
HHS Regions,Region 1,2019,34,349,0,1,0.286533,0,0.286533
HHS Regions,Region 9,2019,34,610,5,1,0.983607,0.819672,0.163934
HHS Regions,Region 1,2019,35,405,3,0,0.740741,0.740741,0
HHS Regions,Region 9,2019,35,778,9,7,2.05656,1.15681,0.899743
HHS Regions,Region 1,2019,36,463,6,0,1.2959,1.2959,0
HHS Regions,Region 9,2019,36,735,6,8,1.90476,0.816327,1.08844
HHS Regions,Region 1,2019,37,722,10,0,1.38504,1.38504,0
HHS Regions,Region 9,2019,37,795,8,3,1.38365,1.00629,0.377358
HHS Regions,Region 1,2019,38,826,10,2,1.45278,1.21065,0.242131
HHS Regions,Region 9,2019,38,782,3,9,1.53453,0.383632,1.1509
HHS Regions,Region 1,2019,39,1091,6,1,0.641613,0.549954,0.091659
HHS Regions,Region 9,2019,39,875,7,2,1.02857,0.8,0.228571
HHS Regions,Region 1,2019,40,1071,3,1,0.373483,0.280112,0.0933707
HHS Regions,Region 9,2019,40,2373,21,20,1.72777,0.884956,0.842815
HHS Regions,Region 1,2019,41,1192,8,2,0.838926,0.671141,0.167785
HHS Regions,Region 9,2019,41,2509,33,19,2.07254,1.31527,0.757274
HHS Regions,Region 1,2019,42,1170,5,0,0.42735,0.42735,0
HHS Regions,Region 9,2019,42,2532,38,24,2.44866,1.50079,0.947867
HHS Regions,Region 1,2019,43,1315,9,3,0.912548,0.684411,0.228137
HHS Regions,Region 9,2019,43,2609,36,42,2.98965,1.37984,1.60981
HHS Regions,Region 1,2019,44,1280,4,2,0.46875,0.3125,0.15625
HHS Regions,Region 9,2019,44,2635,49,62,4.21252,1.85958,2.35294
HHS Regions,Region 1,2019,45,1366,5,4,0.658858,0.366032,0.292826
HHS Regions,Region 9,2019,45,3339,141,167,9.22432,4.22282,5.0015
HHS Regions,Region 1,2019,46,1583,7,5,0.758054,0.442198,0.315856
HHS Regions,Region 9,2019,46,3786,165,274,11.5954,4.35816,7.23719
HHS Regions,Region 1,2019,47,1694,18,9,1.59386,1.06257,0.531287
HHS Regions,Region 9,2019,47,3966,176,340,13.0106,4.43772,8.57287
HHS Regions,Region 1,2019,48,1670,46,19,3.89222,2.75449,1.13772
HHS Regions,Region 9,2019,48,3608,170,372,15.0222,4.71175,10.3104
HHS Regions,Region 1,2019,49,2073,55,49,5.01688,2.65316,2.36372
HHS Regions,Region 9,2019,49,4454,236,495,16.4122,5.29861,11.1136
HHS Regions,Region 1,2019,50,2155,86,71,7.28538,3.99072,3.29466
HHS Regions,Region 9,2019,50,4763,279,582,18.0768,5.85765,12.2192
HHS Regions,Region 1,2019,51,2339,140,164,12.997,5.98546,7.01154
HHS Regions,Region 9,2019,51,4911,468,831,26.4508,9.52963,16.9212
HHS Regions,Region 1,2019,52,3088,294,297,19.1386,9.52073,9.61788
HHS Regions,Region 9,2019,52,5243,498,682,22.5062,9.49838,13.0078
HHS Regions,Region 1,2020,1,3613,357,466,22.7789,9.88099,12.8979
HHS Regions,Region 9,2020,1,5635,661,691,23.9929,11.7303,12.2626
HHS Regions,Region 1,2020,2,3978,414,614,25.8421,10.4072,15.4349
HHS Regions,Region 9,2020,2,6086,863,674,25.2547,14.1801,11.0746
HHS Regions,Region 1,2020,3,4176,506,833,32.0642,12.1169,19.9473
HHS Regions,Region 9,2020,3,6627,1166,743,28.8064,17.5947,11.2117
HHS Regions,Region 1,2020,4,4872,575,1160,35.6117,11.8021,23.8095
HHS Regions,Region 9,2020,4,7171,1465,726,30.5536,20.4295,10.1241
HHS Regions,Region 1,2020,5,5581,807,1336,38.3981,14.4598,23.9384
HHS Regions,Region 9,2020,5,7447,1507,612,28.4544,20.2363,8.21807
HHS Regions,Region 1,2020,6,5607,902,1177,37.0787,16.087,20.9916
HHS Regions,Region 9,2020,6,7174,1345,507,25.8154,18.7483,7.06719
HHS Regions,Region 1,2020,7,4955,821,912,34.9748,16.5691,18.4057
HHS Regions,Region 9,2020,7,6958,1455,437,27.1917,20.9112,6.28054
HHS Regions,Region 1,2020,8,4465,785,588,30.7503,17.5812,13.1691
HHS Regions,Region 9,2020,8,6065,1142,364,24.831,18.8293,6.00165
HHS Regions,Region 1,2020,9,4096,664,429,26.6846,16.2109,10.4736
HHS Regions,Region 9,2020,9,6253,1092,334,22.8051,17.4636,5.34144
HHS Regions,Region 1,2020,10,3693,539,252,21.4189,14.5952,6.82372
HHS Regions,Region 9,2020,10,6143,877,281,18.8507,14.2764,4.57431
HHS Regions,Region 1,2020,11,3792,475,214,18.1698,12.5264,5.64346
HHS Regions,Region 9,2020,11,6116,488,131,10.121,7.97907,2.14192
HHS Regions,Region 1,2020,12,3644,201,100,8.26015,5.51592,2.74424
HHS Regions,Region 9,2020,12,4112,134,45,4.35311,3.25875,1.09436
HHS Regions,Region 1,2020,13,2284,32,18,2.18914,1.40105,0.788091
HHS Regions,Region 9,2020,13,2364,45,11,2.36887,1.90355,0.465313
HHS Regions,Region 1,2020,14,2384,13,11,1.00671,0.545302,0.461409
HHS Regions,Region 9,2020,14,1642,40,14,3.28867,2.43605,0.852619
HHS Regions,Region 1,2020,15,1570,1,5,0.382166,0.0636943,0.318471
HHS Regions,Region 9,2020,15,1268,28,8,2.83912,2.2082,0.630915
HHS Regions,Region 1,2020,16,1456,7,12,1.30495,0.480769,0.824176
HHS Regions,Region 9,2020,16,1199,27,8,2.9191,2.25188,0.667223
HHS Regions,Region 1,2020,17,1237,1,1,0.161681,0.0808407,0.0808407
HHS Regions,Region 9,2020,17,1071,1,0,0.0933707,0.0933707,0
HHS Regions,Region 1,2020,18,841,2,2,0.475624,0.237812,0.237812
HHS Regions,Region 9,2020,18,698,0,0,0,0,0
HHS Regions,Region 1,2020,19,718,0,1,0.139276,0,0.139276
HHS Regions,Region 9,2020,19,678,0,0,0,0,0
HHS Regions,Region 1,2020,20,598,0,2,0.334448,0,0.334448
HHS Regions,Region 9,2020,20,642,1,0,0.155763,0.155763,0
HHS Regions,Region 1,2020,21,548,1,1,0.364964,0.182482,0.182482
HHS Regions,Region 9,2020,21,605,0,0,0,0,0
HHS Regions,Region 1,2020,22,398,0,1,0.251256,0,0.251256
HHS Regions,Region 9,2020,22,414,0,0,0,0,0
HHS Regions,Region 1,2020,23,507,0,0,0,0,0
HHS Regions,Region 9,2020,23,465,0,0,0,0,0
HHS Regions,Region 1,2020,24,359,0,0,0,0,0
HHS Regions,Region 9,2020,24,450,0,0,0,0,0
HHS Regions,Region 1,2020,25,279,0,0,0,0,0
HHS Regions,Region 9,2020,25,312,0,0,0,0,0
HHS Regions,Region 1,2020,26,293,0,0,0,0,0
HHS Regions,Region 9,2020,26,295,0,0,0,0,0
HHS Regions,Region 1,2020,27,237,0,0,0,0,0
HHS Regions,Region 9,2020,27,784,2,0,0.255102,0.255102,0
HHS Regions,Region 1,2020,28,259,0,0,0,0,0
HHS Regions,Region 9,2020,28,842,2,0,0.23753,0.23753,0
HHS Regions,Region 1,2020,29,244,0,0,0,0,0
HHS Regions,Region 9,2020,29,765,0,0,0,0,0
HHS Regions,Region 1,2020,30,241,0,0,0,0,0
HHS Regions,Region 9,2020,30,792,0,0,0,0,0
HHS Regions,Region 1,2020,31,222,0,0,0,0,0
HHS Regions,Region 9,2020,31,759,2,0,0.263505,0.263505,0
HHS Regions,Region 1,2020,32,242,0,0,0,0,0
HHS Regions,Region 9,2020,32,807,2,1,0.371747,0.247831,0.123916
HHS Regions,Region 1,2020,33,267,0,0,0,0,0
HHS Regions,Region 9,2020,33,797,1,0,0.125471,0.125471,0
HHS Regions,Region 1,2020,34,289,0,0,0,0,0
HHS Regions,Region 9,2020,34,750,1,1,0.266667,0.133333,0.133333
HHS Regions,Region 1,2020,35,291,0,0,0,0,0
HHS Regions,Region 9,2020,35,787,0,0,0,0,0
HHS Regions,Region 1,2020,36,324,0,0,0,0,0
HHS Regions,Region 9,2020,36,638,1,1,0.31348,0.15674,0.15674
HHS Regions,Region 1,2020,37,408,0,1,0.245098,0,0.245098
HHS Regions,Region 9,2020,37,700,2,0,0.285714,0.285714,0
HHS Regions,Region 1,2020,38,394,0,0,0,0,0
HHS Regions,Region 9,2020,38,748,1,0,0.13369,0.13369,0
HHS Regions,Region 1,2020,39,558,0,0,0,0,0
HHS Regions,Region 9,2020,39,738,0,0,0,0,0
HHS Regions,Region 1,2020,40,653,0,0,0,0,0
HHS Regions,Region 9,2020,40,877,1,0,0.114025,0.114025,0
HHS Regions,Region 1,2020,41,788,0,1,0.126904,0,0.126904
HHS Regions,Region 9,2020,41,1121,1,2,0.267618,0.0892061,0.178412
HHS Regions,Region 1,2020,42,733,0,2,0.272851,0,0.272851
HHS Regions,Region 9,2020,42,1447,1,0,0.0691085,0.0691085,0
HHS Regions,Region 1,2020,43,856,0,0,0,0,0
HHS Regions,Region 9,2020,43,1448,2,0,0.138122,0.138122,0
HHS Regions,Region 1,2020,44,987,0,0,0,0,0
HHS Regions,Region 9,2020,44,1592,5,4,0.565327,0.31407,0.251256
HHS Regions,Region 1,2020,45,1123,0,0,0,0,0
HHS Regions,Region 9,2020,45,1642,0,2,0.121803,0,0.121803
HHS Regions,Region 1,2020,46,1276,1,1,0.15674,0.0783699,0.0783699
HHS Regions,Region 9,2020,46,5579,6,3,0.161319,0.107546,0.0537731
HHS Regions,Region 1,2020,47,1414,1,1,0.141443,0.0707214,0.0707214
HHS Regions,Region 9,2020,47,7425,3,2,0.0673401,0.040404,0.026936
HHS Regions,Region 1,2020,48,1769,0,0,0,0,0
HHS Regions,Region 9,2020,48,6376,2,0,0.0313676,0.0313676,0
HHS Regions,Region 1,2020,49,1940,2,1,0.154639,0.103093,0.0515464
HHS Regions,Region 9,2020,49,7994,2,6,0.100075,0.0250188,0.0750563
HHS Regions,Region 1,2020,50,1585,0,0,0,0,0
HHS Regions,Region 9,2020,50,8926,1,7,0.0896258,0.0112032,0.0784226
HHS Regions,Region 1,2020,51,1677,1,2,0.178891,0.0596303,0.119261
HHS Regions,Region 9,2020,51,9676,5,2,0.0723439,0.0516742,0.0206697
HHS Regions,Region 1,2020,52,1884,0,0,0,0,0
HHS Regions,Region 9,2020,52,7534,5,1,0.079639,0.0663658,0.0132732
HHS Regions,Region 1,2020,53,1691,0,1,0.0591366,0,0.0591366
HHS Regions,Region 9,2020,53,7313,10,1,0.150417,0.136743,0.0136743
HHS Regions,Region 1,2021,1,1730,0,0,0,0,0
HHS Regions,Region 9,2021,1,9200,4,4,0.0869565,0.0434783,0.0434783
HHS Regions,Region 1,2021,2,1749,0,0,0,0,0
HHS Regions,Region 9,2021,2,8729,2,0,0.0229121,0.0229121,0
HHS Regions,Region 1,2021,3,1652,0,1,0.0605327,0,0.0605327
HHS Regions,Region 9,2021,3,7501,1,0,0.0133316,0.0133316,0
HHS Regions,Region 1,2021,4,1654,0,0,0,0,0
HHS Regions,Region 9,2021,4,6861,0,1,0.0145751,0,0.0145751
HHS Regions,Region 1,2021,5,1445,0,0,0,0,0
HHS Regions,Region 9,2021,5,6630,2,2,0.0603318,0.0301659,0.0301659
HHS Regions,Region 1,2021,6,1432,0,2,0.139665,0,0.139665
HHS Regions,Region 9,2021,6,6310,2,2,0.0633914,0.0316957,0.0316957
HHS Regions,Region 1,2021,7,1340,1,0,0.0746269,0.0746269,0
HHS Regions,Region 9,2021,7,6133,1,7,0.130442,0.0163052,0.114137
HHS Regions,Region 1,2021,8,1416,0,0,0,0,0
HHS Regions,Region 9,2021,8,6192,0,3,0.0484496,0,0.0484496
HHS Regions,Region 1,2021,9,1356,0,1,0.0737463,0,0.0737463
HHS Regions,Region 9,2021,9,6595,0,4,0.060652,0,0.060652
HHS Regions,Region 1,2021,10,1623,0,3,0.184843,0,0.184843
HHS Regions,Region 9,2021,10,6166,0,1,0.016218,0,0.016218
HHS Regions,Region 1,2021,11,1421,2,2,0.281492,0.140746,0.140746
HHS Regions,Region 9,2021,11,6163,3,1,0.0649035,0.0486776,0.0162259
HHS Regions,Region 1,2021,12,1591,0,0,0,0,0
HHS Regions,Region 9,2021,12,6208,1,0,0.0161082,0.0161082,0
HHS Regions,Region 1,2021,13,1555,0,2,0.128617,0,0.128617
HHS Regions,Region 9,2021,13,4184,0,0,0,0,0
HHS Regions,Region 1,2021,14,1597,0,0,0,0,0
HHS Regions,Region 9,2021,14,2002,2,1,0.14985,0.0999001,0.04995
HHS Regions,Region 1,2021,15,1334,0,1,0.0749625,0,0.0749625
HHS Regions,Region 9,2021,15,1942,0,1,0.0514933,0,0.0514933
HHS Regions,Region 1,2021,16,1230,0,0,0,0,0
HHS Regions,Region 9,2021,16,2276,0,2,0.0878735,0,0.0878735
HHS Regions,Region 1,2021,17,1271,0,1,0.0786782,0,0.0786782
HHS Regions,Region 9,2021,17,2446,2,0,0.0817661,0.0817661,0
HHS Regions,Region 1,2021,18,1168,2,3,0.428082,0.171233,0.256849
HHS Regions,Region 9,2021,18,2389,0,1,0.0418585,0,0.0418585
HHS Regions,Region 1,2021,19,1075,2,0,0.186047,0.186047,0
HHS Regions,Region 9,2021,19,1968,0,1,0.050813,0,0.050813
HHS Regions,Region 1,2021,20,916,0,0,0,0,0
HHS Regions,Region 9,2021,20,1865,2,2,0.214477,0.107239,0.107239
HHS Regions,Region 1,2021,21,805,0,0,0,0,0
HHS Regions,Region 9,2021,21,1854,1,0,0.0539374,0.0539374,0
HHS Regions,Region 1,2021,22,791,0,0,0,0,0
HHS Regions,Region 9,2021,22,1858,0,0,0,0,0
HHS Regions,Region 1,2021,23,770,0,0,0,0,0
HHS Regions,Region 9,2021,23,1682,0,0,0,0,0
HHS Regions,Region 1,2021,24,817,0,0,0,0,0
HHS Regions,Region 9,2021,24,1769,0,0,0,0,0
HHS Regions,Region 1,2021,25,879,0,0,0,0,0
HHS Regions,Region 9,2021,25,1783,2,0,0.11217,0.11217,0
HHS Regions,Region 1,2021,26,820,0,0,0,0,0
HHS Regions,Region 9,2021,26,1553,0,0,0,0,0
HHS Regions,Region 1,2021,27,873,0,0,0,0,0
HHS Regions,Region 9,2021,27,1784,0,0,0,0,0
HHS Regions,Region 1,2021,28,988,1,2,0.303644,0.101215,0.202429
HHS Regions,Region 9,2021,28,2075,1,1,0.0963855,0.0481928,0.0481928
HHS Regions,Region 1,2021,29,1147,0,1,0.087184,0,0.087184
HHS Regions,Region 9,2021,29,1691,0,0,0,0,0
HHS Regions,Region 1,2021,30,1283,0,0,0,0,0
HHS Regions,Region 9,2021,30,2065,1,0,0.0484262,0.0484262,0
HHS Regions,Region 1,2021,31,1352,0,0,0,0,0
HHS Regions,Region 9,2021,31,2270,2,3,0.220264,0.0881057,0.132159
HHS Regions,Region 1,2021,32,1471,0,0,0,0,0
HHS Regions,Region 9,2021,32,2424,1,0,0.0412541,0.0412541,0
HHS Regions,Region 1,2021,33,1530,0,0,0,0,0
HHS Regions,Region 9,2021,33,2607,0,0,0,0,0
HHS Regions,Region 1,2021,34,1428,0,0,0,0,0
HHS Regions,Region 9,2021,34,2738,1,1,0.073046,0.036523,0.036523
HHS Regions,Region 1,2021,35,1558,0,0,0,0,0
HHS Regions,Region 9,2021,35,2378,6,2,0.336417,0.252313,0.0841043
HHS Regions,Region 1,2021,36,1420,0,0,0,0,0
HHS Regions,Region 9,2021,36,2441,3,2,0.204834,0.1229,0.0819336
HHS Regions,Region 1,2021,37,1556,1,1,0.128535,0.0642674,0.0642674
HHS Regions,Region 9,2021,37,2337,0,2,0.0855798,0,0.0855798
HHS Regions,Region 1,2021,38,1790,0,0,0,0,0
HHS Regions,Region 9,2021,38,2050,1,2,0.146341,0.0487805,0.097561
HHS Regions,Region 1,2021,39,2079,1,2,0.1443,0.0481,0.0962001
HHS Regions,Region 9,2021,39,2266,7,3,0.441306,0.308914,0.132392
HHS Regions,Region 1,2021,40,2090,1,1,0.0956938,0.0478469,0.0478469
HHS Regions,Region 9,2021,40,2667,6,5,0.412448,0.224972,0.187477
HHS Regions,Region 1,2021,41,2203,0,1,0.0453926,0,0.0453926
HHS Regions,Region 9,2021,41,2996,7,4,0.367156,0.233645,0.133511
HHS Regions,Region 1,2021,42,2175,0,1,0.045977,0,0.045977
HHS Regions,Region 9,2021,42,3123,5,1,0.192123,0.160102,0.0320205
HHS Regions,Region 1,2021,43,1925,3,0,0.155844,0.155844,0
HHS Regions,Region 9,2021,43,6505,19,2,0.322829,0.292083,0.0307456
HHS Regions,Region 1,2021,44,2201,8,1,0.408905,0.363471,0.0454339
HHS Regions,Region 9,2021,44,6807,23,5,0.411341,0.337887,0.0734538
HHS Regions,Region 1,2021,45,2409,59,3,2.57368,2.44915,0.124533
HHS Regions,Region 9,2021,45,6965,33,2,0.502513,0.473798,0.028715
HHS Regions,Region 1,2021,46,2788,72,1,2.61836,2.5825,0.035868
HHS Regions,Region 9,2021,46,6843,47,4,0.745287,0.686833,0.0584539
HHS Regions,Region 1,2021,47,2825,95,1,3.39823,3.36283,0.0353982
HHS Regions,Region 9,2021,47,7502,77,5,1.09304,1.02639,0.0666489
HHS Regions,Region 1,2021,48,4331,273,1,6.32648,6.30339,0.0230894
HHS Regions,Region 9,2021,48,9134,184,11,2.13488,2.01445,0.120429
HHS Regions,Region 1,2021,49,4714,489,5,10.4794,10.3734,0.106067
HHS Regions,Region 9,2021,49,9299,190,2,2.06474,2.04323,0.0215077
HHS Regions,Region 1,2021,50,5391,513,3,9.57151,9.51586,0.0556483
HHS Regions,Region 9,2021,50,9674,244,5,2.57391,2.52222,0.0516849
HHS Regions,Region 1,2021,51,6278,442,5,7.1201,7.04046,0.0796432
HHS Regions,Region 9,2021,51,10462,243,4,2.36093,2.32269,0.0382336
HHS Regions,Region 1,2021,52,7545,356,3,4.75812,4.71836,0.0397614
HHS Regions,Region 9,2021,52,8471,156,0,1.84158,1.84158,0
HHS Regions,Region 1,2022,1,6552,163,1,2.50305,2.48779,0.0152625
HHS Regions,Region 9,2022,1,15231,165,1,1.08988,1.08332,0.00656556
HHS Regions,Region 1,2022,2,5363,70,1,1.32389,1.30524,0.0186463
HHS Regions,Region 9,2022,2,12672,87,2,0.702336,0.686553,0.0157828
HHS Regions,Region 1,2022,3,4095,56,0,1.36752,1.36752,0
HHS Regions,Region 9,2022,3,9679,64,0,0.661225,0.661225,0
HHS Regions,Region 1,2022,4,3445,38,1,1.13208,1.10305,0.0290276
HHS Regions,Region 9,2022,4,7158,46,1,0.656608,0.642638,0.0139704
HHS Regions,Region 1,2022,5,3053,41,0,1.34294,1.34294,0
HHS Regions,Region 9,2022,5,6372,39,3,0.659134,0.612053,0.047081
HHS Regions,Region 1,2022,6,2955,35,0,1.18443,1.18443,0
HHS Regions,Region 9,2022,6,5157,38,1,0.756254,0.736863,0.0193911
HHS Regions,Region 1,2022,7,2861,38,0,1.32821,1.32821,0
HHS Regions,Region 9,2022,7,5055,49,0,0.969337,0.969337,0
HHS Regions,Region 1,2022,8,2650,38,0,1.43396,1.43396,0
HHS Regions,Region 9,2022,8,4924,62,1,1.27945,1.25914,0.0203087
HHS Regions,Region 1,2022,9,2833,55,0,1.9414,1.9414,0
HHS Regions,Region 9,2022,9,5138,97,0,1.88789,1.88789,0
HHS Regions,Region 1,2022,10,3006,70,1,2.36194,2.32868,0.0332668
HHS Regions,Region 9,2022,10,5149,116,0,2.25286,2.25286,0
HHS Regions,Region 1,2022,11,3391,124,1,3.68623,3.65674,0.0294898
HHS Regions,Region 9,2022,11,5538,185,2,3.37667,3.34056,0.0361141
HHS Regions,Region 1,2022,12,3348,165,0,4.92832,4.92832,0
HHS Regions,Region 9,2022,12,5712,266,0,4.65686,4.65686,0
HHS Regions,Region 1,2022,13,3748,225,0,6.0032,6.0032,0
HHS Regions,Region 9,2022,13,5749,255,0,4.43555,4.43555,0
HHS Regions,Region 1,2022,14,4464,424,0,9.49821,9.49821,0
HHS Regions,Region 9,2022,14,6250,311,2,5.008,4.976,0.032
HHS Regions,Region 1,2022,15,4782,501,1,10.4977,10.4768,0.0209118
HHS Regions,Region 9,2022,15,5855,327,2,5.61913,5.58497,0.0341588
HHS Regions,Region 1,2022,16,4928,461,0,9.35471,9.35471,0
HHS Regions,Region 9,2022,16,6226,459,1,7.38837,7.37231,0.0160617
HHS Regions,Region 1,2022,17,5198,407,1,7.84917,7.82993,0.0192382
HHS Regions,Region 9,2022,17,7091,537,2,7.60118,7.57298,0.0282048
HHS Regions,Region 1,2022,18,5579,590,2,10.6112,10.5754,0.0358487
HHS Regions,Region 9,2022,18,7766,669,3,8.6531,8.61447,0.0386299
HHS Regions,Region 1,2022,19,6142,741,3,12.1133,12.0645,0.048844
HHS Regions,Region 9,2022,19,8894,811,2,9.14099,9.11851,0.0224871
HHS Regions,Region 1,2022,20,5629,449,2,8.01208,7.97655,0.0355303
HHS Regions,Region 9,2022,20,9890,1123,4,11.3953,11.3549,0.0404449
HHS Regions,Region 1,2022,21,5195,268,0,5.15881,5.15881,0
HHS Regions,Region 9,2022,21,11039,1327,2,12.0391,12.021,0.0181176
HHS Regions,Region 1,2022,22,4791,163,1,3.42308,3.40221,0.0208725
HHS Regions,Region 9,2022,22,10522,1291,0,12.2695,12.2695,0
HHS Regions,Region 1,2022,23,4850,81,3,1.73196,1.6701,0.0618557
HHS Regions,Region 9,2022,23,10211,984,2,9.65625,9.63667,0.0195867
HHS Regions,Region 1,2022,24,4433,64,0,1.44372,1.44372,0
HHS Regions,Region 9,2022,24,8680,574,1,6.62442,6.6129,0.0115207
HHS Regions,Region 1,2022,25,3903,40,1,1.05047,1.02485,0.0256213
HHS Regions,Region 9,2022,25,7957,449,3,5.68053,5.64283,0.0377027
HHS Regions,Region 1,2022,26,4010,15,3,0.448878,0.374065,0.074813
HHS Regions,Region 9,2022,26,7843,353,1,4.51358,4.50083,0.0127502
HHS Regions,Region 1,2022,27,3715,8,0,0.215343,0.215343,0
HHS Regions,Region 9,2022,27,7952,290,3,3.68461,3.64688,0.0377264
HHS Regions,Region 1,2022,28,3580,11,2,0.363128,0.307263,0.0558659
HHS Regions,Region 9,2022,28,7378,166,1,2.26349,2.24993,0.0135538
HHS Regions,Region 1,2022,29,3423,5,1,0.175285,0.146071,0.0292141
HHS Regions,Region 9,2022,29,6985,165,7,2.46242,2.3622,0.100215
HHS Regions,Region 1,2022,30,3424,9,1,0.292056,0.26285,0.0292056
HHS Regions,Region 9,2022,30,6238,111,3,1.82751,1.77942,0.0480923
HHS Regions,Region 1,2022,31,3212,4,0,0.124533,0.124533,0
HHS Regions,Region 9,2022,31,6466,112,1,1.7476,1.73214,0.0154655
HHS Regions,Region 1,2022,32,3207,8,0,0.249454,0.249454,0
HHS Regions,Region 9,2022,32,6442,109,2,1.72307,1.69202,0.0310463
HHS Regions,Region 1,2022,33,3352,5,0,0.149165,0.149165,0
HHS Regions,Region 9,2022,33,6749,95,3,1.45207,1.40762,0.044451
HHS Regions,Region 1,2022,34,3279,10,1,0.335468,0.304971,0.0304971
HHS Regions,Region 9,2022,34,7039,134,5,1.97471,1.90368,0.0710328
HHS Regions,Region 1,2022,35,3203,11,1,0.374649,0.343428,0.0312207
HHS Regions,Region 9,2022,35,7462,121,2,1.64835,1.62155,0.0268025
HHS Regions,Region 1,2022,36,3383,11,0,0.325155,0.325155,0
HHS Regions,Region 9,2022,36,7182,154,7,2.24172,2.14425,0.0974659
HHS Regions,Region 1,2022,37,3782,7,0,0.185087,0.185087,0
HHS Regions,Region 9,2022,37,7530,140,4,1.91235,1.85923,0.0531208
HHS Regions,Region 1,2022,38,3962,18,0,0.454316,0.454316,0
HHS Regions,Region 9,2022,38,8317,167,6,2.08008,2.00794,0.0721414
HHS Regions,Region 1,2022,39,4230,18,0,0.425532,0.425532,0
HHS Regions,Region 9,2022,39,8620,290,6,3.43387,3.36427,0.0696056
HHS Regions,Region 1,2022,40,4684,30,0,0.640478,0.640478,0
HHS Regions,Region 9,2022,40,12272,356,7,2.95795,2.90091,0.0570404
HHS Regions,Region 1,2022,41,4707,35,2,0.786063,0.743573,0.0424899
HHS Regions,Region 9,2022,41,14044,520,6,3.74537,3.70265,0.0427229
HHS Regions,Region 1,2022,42,5231,61,2,1.20436,1.16613,0.0382336
HHS Regions,Region 9,2022,42,16036,745,15,4.73934,4.6458,0.0935395
HHS Regions,Region 1,2022,43,5885,124,4,2.17502,2.10705,0.0679694
HHS Regions,Region 9,2022,43,19859,1109,9,5.62969,5.58437,0.0453195
HHS Regions,Region 1,2022,44,6461,298,2,4.64324,4.61229,0.030955
HHS Regions,Region 9,2022,44,22469,2240,10,10.0138,9.96929,0.0445058
HHS Regions,Region 1,2022,45,6828,467,2,6.86878,6.83948,0.0292912
HHS Regions,Region 9,2022,45,27972,3863,18,13.8746,13.8102,0.0643501
HHS Regions,Region 1,2022,46,7749,815,3,10.5562,10.5175,0.0387147
HHS Regions,Region 9,2022,46,32549,5401,11,16.6272,16.5934,0.0337952
HHS Regions,Region 1,2022,47,8740,1959,4,22.46,22.4142,0.0457666
HHS Regions,Region 9,2022,47,29484,6151,10,20.8961,20.8622,0.0339167
HHS Regions,Region 1,2022,48,11472,3069,6,26.8044,26.7521,0.0523013
HHS Regions,Region 9,2022,48,36829,7766,17,21.1328,21.0866,0.0461593
HHS Regions,Region 1,2022,49,10722,3049,4,28.4742,28.4369,0.0373065
HHS Regions,Region 9,2022,49,33057,6835,18,20.7309,20.6764,0.0544514
HHS Regions,Region 1,2022,50,10539,2758,15,26.3118,26.1695,0.142328
HHS Regions,Region 9,2022,50,30044,5411,10,18.0435,18.0103,0.0332845
HHS Regions,Region 1,2022,51,10017,2307,14,23.1706,23.0308,0.139762
HHS Regions,Region 9,2022,51,28016,4610,9,16.487,16.4549,0.0321245
HHS Regions,Region 1,2022,52,9299,1504,10,16.2813,16.1738,0.107538
HHS Regions,Region 9,2022,52,24251,2976,18,12.3459,12.2717,0.0742237
HHS Regions,Region 1,2023,1,8398,789,20,9.63325,9.39509,0.238152
HHS Regions,Region 9,2023,1,18282,1348,9,7.4226,7.37337,0.0492287
HHS Regions,Region 1,2023,2,7495,337,24,4.81654,4.49633,0.320213
HHS Regions,Region 9,2023,2,17346,632,13,3.71844,3.64349,0.0749452
HHS Regions,Region 1,2023,3,6772,217,30,3.64737,3.20437,0.443001
HHS Regions,Region 9,2023,3,15065,342,13,2.35646,2.27016,0.0862927
HHS Regions,Region 1,2023,4,6954,125,19,2.07075,1.79753,0.273224
HHS Regions,Region 9,2023,4,15872,268,16,1.78931,1.68851,0.100806
HHS Regions,Region 1,2023,5,6343,80,12,1.45042,1.26123,0.189185
HHS Regions,Region 9,2023,5,15888,234,21,1.60498,1.47281,0.132175
HHS Regions,Region 1,2023,6,6509,61,14,1.15225,0.937164,0.215087
HHS Regions,Region 9,2023,6,16179,192,23,1.32888,1.18672,0.14216
HHS Regions,Region 1,2023,7,6534,45,30,1.14784,0.688705,0.459137
HHS Regions,Region 9,2023,7,15340,111,16,0.827901,0.723598,0.104302
HHS Regions,Region 1,2023,8,6062,60,23,1.36919,0.989772,0.379413
HHS Regions,Region 9,2023,8,15144,126,28,1.0169,0.832013,0.184892
HHS Regions,Region 1,2023,9,5908,39,14,0.897089,0.660122,0.236967
HHS Regions,Region 9,2023,9,15044,94,29,0.817602,0.624834,0.192768
HHS Regions,Region 1,2023,10,5963,31,25,0.939125,0.519873,0.419252
HHS Regions,Region 9,2023,10,13319,105,38,1.07365,0.788347,0.285307
HHS Regions,Region 1,2023,11,5792,28,20,0.828729,0.483425,0.345304
HHS Regions,Region 9,2023,11,13801,66,28,0.68111,0.478226,0.202884
HHS Regions,Region 1,2023,12,5807,24,22,0.792147,0.413294,0.378853
HHS Regions,Region 9,2023,12,13004,55,33,0.676715,0.422947,0.253768
HHS Regions,Region 1,2023,13,5728,21,41,1.0824,0.36662,0.715782
HHS Regions,Region 9,2023,13,12370,62,29,0.735651,0.501213,0.234438
HHS Regions,Region 1,2023,14,5506,14,41,0.99891,0.254268,0.744642
HHS Regions,Region 9,2023,14,12053,61,25,0.713515,0.506098,0.207417
HHS Regions,Region 1,2023,15,5238,16,27,0.820924,0.30546,0.515464
HHS Regions,Region 9,2023,15,5554,25,20,0.810227,0.450126,0.360101
HHS Regions,Region 1,2023,16,4597,10,17,0.58734,0.217533,0.369806
HHS Regions,Region 9,2023,16,5329,24,9,0.619253,0.450366,0.168887
HHS Regions,Region 1,2023,17,4247,9,14,0.541559,0.211914,0.329644
HHS Regions,Region 9,2023,17,5096,29,16,0.883046,0.569074,0.313972
HHS Regions,Region 1,2023,18,3934,9,25,0.86426,0.228775,0.635486
HHS Regions,Region 9,2023,18,5028,20,25,0.894988,0.397772,0.497216
HHS Regions,Region 1,2023,19,4009,5,24,0.723372,0.124719,0.598653
HHS Regions,Region 9,2023,19,4987,19,28,0.94245,0.380991,0.56146
HHS Regions,Region 1,2023,20,3581,10,17,0.753979,0.279252,0.474728
HHS Regions,Region 9,2023,20,4895,26,37,1.28703,0.531154,0.755873
HHS Regions,Region 1,2023,21,3471,17,18,1.00835,0.489772,0.518583
HHS Regions,Region 9,2023,21,4757,34,36,1.47152,0.714736,0.756779
HHS Regions,Region 1,2023,22,3220,13,16,0.900621,0.403727,0.496894
HHS Regions,Region 9,2023,22,4664,37,36,1.56518,0.79331,0.77187
HHS Regions,Region 1,2023,23,3241,17,13,0.92564,0.524529,0.401111
HHS Regions,Region 9,2023,23,4474,44,35,1.76576,0.98346,0.782298
HHS Regions,Region 1,2023,24,3190,8,9,0.532915,0.250784,0.282132
HHS Regions,Region 9,2023,24,4289,46,29,1.74866,1.07251,0.676148
HHS Regions,Region 1,2023,25,2678,6,6,0.448096,0.224048,0.224048
HHS Regions,Region 9,2023,25,4186,41,37,1.86335,0.979455,0.883899
HHS Regions,Region 1,2023,26,2264,12,5,0.750883,0.530035,0.220848
HHS Regions,Region 9,2023,26,3679,66,38,2.82686,1.79397,1.03289
HHS Regions,Region 1,2023,27,1868,13,8,1.1242,0.695931,0.428266
HHS Regions,Region 9,2023,27,3545,61,34,2.67983,1.72073,0.959097
HHS Regions,Region 1,2023,28,1996,18,4,1.1022,0.901804,0.200401
HHS Regions,Region 9,2023,28,3691,43,34,2.08616,1.165,0.92116
HHS Regions,Region 1,2023,29,1709,9,4,0.760679,0.526624,0.234055
HHS Regions,Region 9,2023,29,3627,56,39,2.61924,1.54398,1.07527
HHS Regions,Region 1,2023,30,1854,9,3,0.647249,0.485437,0.161812
HHS Regions,Region 9,2023,30,3854,65,57,3.16554,1.68656,1.47898
HHS Regions,Region 1,2023,31,1930,5,5,0.518135,0.259067,0.259067
HHS Regions,Region 9,2023,31,3981,61,59,3.01432,1.53228,1.48204
HHS Regions,Region 1,2023,32,2217,7,1,0.360848,0.315742,0.045106
HHS Regions,Region 9,2023,32,4339,55,49,2.39687,1.26757,1.12929
HHS Regions,Region 1,2023,33,2300,13,6,0.826087,0.565217,0.26087
HHS Regions,Region 9,2023,33,4249,58,33,2.14168,1.36503,0.776653
HHS Regions,Region 1,2023,34,2424,14,3,0.70132,0.577558,0.123762
HHS Regions,Region 9,2023,34,5122,51,33,1.63998,0.995705,0.64428
HHS Regions,Region 1,2023,35,2638,10,6,0.60652,0.379075,0.227445
HHS Regions,Region 9,2023,35,5788,81,34,1.98687,1.39945,0.587422
HHS Regions,Region 1,2023,36,3222,10,3,0.403476,0.310366,0.0931099
HHS Regions,Region 9,2023,36,5491,73,40,2.05791,1.32945,0.728465
HHS Regions,Region 1,2023,37,3216,5,7,0.373134,0.155473,0.217662
HHS Regions,Region 9,2023,37,5869,89,45,2.28318,1.51644,0.766741
HHS Regions,Region 1,2023,38,3744,10,16,0.694444,0.267094,0.42735
HHS Regions,Region 9,2023,38,5893,83,64,2.49448,1.40845,1.08603
HHS Regions,Region 1,2023,39,3531,17,12,0.821297,0.48145,0.339847
HHS Regions,Region 9,2023,39,5803,79,64,2.46424,1.36136,1.10288
HHS Regions,Region 1,2023,40,5008,17,4,0.419329,0.339457,0.0798722
HHS Regions,Region 9,2023,40,5674,94,84,3.13712,1.65668,1.48044
HHS Regions,Region 1,2023,41,4739,18,13,0.654146,0.379827,0.274319
HHS Regions,Region 9,2023,41,5840,135,67,3.4589,2.31164,1.14726
HHS Regions,Region 1,2023,42,4754,19,8,0.567943,0.399663,0.168279
HHS Regions,Region 9,2023,42,6173,159,68,3.6773,2.57573,1.10157
HHS Regions,Region 1,2023,43,4834,48,13,1.26189,0.992966,0.268928
HHS Regions,Region 9,2023,43,6080,201,77,4.57237,3.30592,1.26645
HHS Regions,Region 1,2023,44,5066,79,21,1.97394,1.55942,0.414528
HHS Regions,Region 9,2023,44,11815,460,93,4.68049,3.89336,0.787135
HHS Regions,Region 1,2023,45,5637,111,39,2.66099,1.96913,0.691857
HHS Regions,Region 9,2023,45,18185,831,132,5.29557,4.5697,0.725873
HHS Regions,Region 1,2023,46,6172,162,42,3.30525,2.62476,0.680493
HHS Regions,Region 9,2023,46,20884,1173,124,6.2105,5.61674,0.593756
HHS Regions,Region 1,2023,47,6063,214,28,3.99142,3.52961,0.461818
HHS Regions,Region 9,2023,47,18655,1199,116,7.04905,6.42723,0.621817
HHS Regions,Region 1,2023,48,6968,291,51,4.90815,4.17623,0.731917
HHS Regions,Region 9,2023,48,23606,1857,172,8.59527,7.86664,0.728628
HHS Regions,Region 1,2023,49,7371,443,67,6.91901,6.01004,0.908968
HHS Regions,Region 9,2023,49,25913,2822,187,11.6119,10.8903,0.721646
HHS Regions,Region 1,2023,50,7617,672,65,9.67573,8.82237,0.853354
HHS Regions,Region 9,2023,50,28913,3908,249,14.3776,13.5164,0.861204
HHS Regions,Region 1,2023,51,8487,1047,82,13.3027,12.3365,0.966184
HHS Regions,Region 9,2023,51,33887,5646,347,17.6852,16.6613,1.02399
HHS Regions,Region 1,2023,52,9546,1454,75,16.0172,15.2315,0.785669
HHS Regions,Region 9,2023,52,30942,4537,336,15.7488,14.6629,1.0859
HHS Regions,Region 1,2024,1,9489,1053,79,11.9296,11.0971,0.832543
HHS Regions,Region 9,2024,1,29579,3378,276,12.3534,11.4203,0.933094
HHS Regions,Region 1,2024,2,8331,944,77,12.2554,11.3312,0.924259
HHS Regions,Region 9,2024,2,27602,2586,285,10.4014,9.36889,1.03253
HHS Regions,Region 1,2024,3,7322,902,77,13.3707,12.319,1.05163
HHS Regions,Region 9,2024,3,25172,2557,390,11.7075,10.1581,1.54934
HHS Regions,Region 1,2024,4,7415,1017,71,14.673,13.7154,0.957519
HHS Regions,Region 9,2024,4,24461,1947,456,9.8238,7.95961,1.86419
HHS Regions,Region 1,2024,5,7617,1073,104,15.4523,14.0869,1.36537
HHS Regions,Region 9,2024,5,23012,1438,452,8.21311,6.24891,1.96419
HHS Regions,Region 1,2024,6,7685,1129,143,16.5517,14.691,1.86077
HHS Regions,Region 9,2024,6,21251,942,380,6.22088,4.43273,1.78815
HHS Regions,Region 1,2024,7,7344,1047,160,16.4352,14.2565,2.17865
HHS Regions,Region 9,2024,7,21894,991,480,6.71874,4.52635,2.19238
HHS Regions,Region 1,2024,8,7006,915,192,15.8007,13.0602,2.74051
HHS Regions,Region 9,2024,8,20677,748,455,5.81806,3.61755,2.20051
HHS Regions,Region 1,2024,9,6856,856,197,15.3588,12.4854,2.8734
HHS Regions,Region 9,2024,9,18928,674,434,5.85376,3.56086,2.2929
HHS Regions,Region 1,2024,10,6418,765,203,15.0826,11.9196,3.16298
HHS Regions,Region 9,2024,10,19080,595,394,5.18344,3.11845,2.06499
HHS Regions,Region 1,2024,11,5962,453,168,10.416,7.59812,2.81785
HHS Regions,Region 9,2024,11,18440,516,421,5.08134,2.79826,2.28308
HHS Regions,Region 1,2024,12,5787,412,183,10.2817,7.11941,3.16226
HHS Regions,Region 9,2024,12,17684,512,426,5.30423,2.89527,2.40896
HHS Regions,Region 1,2024,13,5702,325,219,9.54051,5.69975,3.84076
HHS Regions,Region 9,2024,13,16506,399,330,4.41658,2.4173,1.99927
HHS Regions,Region 1,2024,14,5510,298,191,8.87477,5.40835,3.46642
HHS Regions,Region 9,2024,14,15604,376,285,4.23609,2.40964,1.82645
HHS Regions,Region 1,2024,15,5468,235,193,7.82736,4.29773,3.52963
HHS Regions,Region 9,2024,15,15881,381,282,4.1748,2.39909,1.77571
HHS Regions,Region 1,2024,16,4661,168,127,6.32911,3.60438,2.72474
HHS Regions,Region 9,2024,16,15501,465,267,4.72228,2.99981,1.72247
HHS Regions,Region 1,2024,17,4369,137,80,4.96681,3.13573,1.83108
HHS Regions,Region 9,2024,17,14410,357,227,4.05274,2.47745,1.57529
HHS Regions,Region 1,2024,18,4092,110,79,4.61877,2.68817,1.9306
HHS Regions,Region 9,2024,18,9473,192,173,3.85306,2.02681,1.82624
HHS Regions,Region 1,2024,19,4108,72,48,2.92113,1.75268,1.16845
HHS Regions,Region 9,2024,19,4741,102,76,3.75448,2.15144,1.60304
HHS Regions,Region 1,2024,20,3918,45,31,1.93977,1.14855,0.79122
HHS Regions,Region 9,2024,20,4609,54,82,2.95075,1.17162,1.77913
HHS Regions,Region 1,2024,21,3832,39,21,1.56576,1.01775,0.548017
HHS Regions,Region 9,2024,21,4712,85,90,3.71392,1.8039,1.91002
HHS Regions,Region 1,2024,22,3496,31,22,1.51602,0.886728,0.629291
HHS Regions,Region 9,2024,22,4855,108,72,3.70752,2.22451,1.48301
HHS Regions,Region 1,2024,23,2993,16,6,0.735048,0.534581,0.200468
HHS Regions,Region 9,2024,23,4549,116,58,3.82502,2.55001,1.27501
HHS Regions,Region 1,2024,24,2866,18,4,0.76762,0.628053,0.139567
HHS Regions,Region 9,2024,24,4702,92,41,2.82858,1.95661,0.871969
HHS Regions,Region 1,2024,25,2884,17,2,0.658807,0.589459,0.0693481
HHS Regions,Region 9,2024,25,4248,84,31,2.70716,1.9774,0.729755
HHS Regions,Region 1,2024,26,2906,21,3,0.825877,0.722643,0.103235
HHS Regions,Region 9,2024,26,2707,57,16,2.69671,2.10565,0.59106
HHS Regions,Region 1,2024,27,2858,19,1,0.69979,0.664801,0.0349895
HHS Regions,Region 9,2024,27,3680,101,9,2.98913,2.74457,0.244565
HHS Regions,Region 1,2024,28,3138,20,1,0.669216,0.637349,0.0318674
HHS Regions,Region 9,2024,28,3809,96,4,2.62536,2.52035,0.105014
HHS Regions,Region 1,2024,29,2996,17,1,0.600801,0.567423,0.0333778
HHS Regions,Region 9,2024,29,3727,87,6,2.4953,2.33432,0.160987
HHS Regions,Region 1,2024,30,3257,11,1,0.368437,0.337734,0.0307031
HHS Regions,Region 9,2024,30,3559,77,4,2.27592,2.16353,0.112391
HHS Regions,Region 1,2024,31,3419,16,1,0.497221,0.467973,0.0292483
HHS Regions,Region 9,2024,31,3774,76,8,2.22576,2.01378,0.211977
HHS Regions,Region 1,2024,32,3582,11,0,0.307091,0.307091,0
HHS Regions,Region 9,2024,32,3742,56,6,1.65687,1.49653,0.160342
HHS Regions,Region 1,2024,33,3668,5,5,0.272628,0.136314,0.136314
HHS Regions,Region 9,2024,33,3952,51,4,1.3917,1.29049,0.101215
HHS Regions,Region 1,2024,34,3740,9,2,0.294118,0.240642,0.0534759
HHS Regions,Region 9,2024,34,4113,59,4,1.53173,1.43448,0.0972526
HHS Regions,Region 1,2024,35,3644,4,7,0.301866,0.109769,0.192097
HHS Regions,Region 9,2024,35,4117,58,4,1.50595,1.40879,0.0971581
HHS Regions,Region 1,2024,36,3792,17,4,0.553797,0.448312,0.105485
HHS Regions,Region 9,2024,36,3902,61,1,1.58893,1.5633,0.0256279
HHS Regions,Region 1,2024,37,4255,14,3,0.39953,0.329025,0.0705053
HHS Regions,Region 9,2024,37,4369,61,1,1.41909,1.3962,0.0228885
HHS Regions,Region 1,2024,38,4921,8,5,0.264174,0.162569,0.101605
HHS Regions,Region 9,2024,38,4096,59,1,1.46484,1.44043,0.0244141
HHS Regions,Region 1,2024,39,4686,8,7,0.320102,0.170721,0.149381
HHS Regions,Region 9,2024,39,4057,52,9,1.50357,1.28174,0.221839
HHS Regions,Region 1,2024,40,4884,16,3,0.389025,0.3276,0.0614251
HHS Regions,Region 9,2024,40,8413,139,5,1.71164,1.6522,0.0594318
HHS Regions,Region 1,2024,41,4896,9,4,0.265523,0.183824,0.0816993
HHS Regions,Region 9,2024,41,11989,168,10,1.48469,1.40128,0.0834098
HHS Regions,Region 1,2024,42,4921,14,4,0.365779,0.284495,0.0812843
HHS Regions,Region 9,2024,42,12259,182,13,1.59067,1.48462,0.106045
HHS Regions,Region 1,2024,43,5344,32,9,0.767216,0.598802,0.168413
HHS Regions,Region 9,2024,43,12954,250,11,2.01482,1.92991,0.0849159
HHS Regions,Region 1,2024,44,4685,26,9,0.747065,0.554963,0.192102
HHS Regions,Region 9,2024,44,13123,300,15,2.40037,2.28606,0.114303
HHS Regions,Region 1,2024,45,5055,30,8,0.751731,0.593472,0.158259
HHS Regions,Region 9,2024,45,14946,432,28,3.07775,2.89041,0.187341
HHS Regions,Region 1,2024,46,4923,22,11,0.670323,0.446882,0.223441
HHS Regions,Region 9,2024,46,15962,702,44,4.6736,4.39795,0.275655
HHS Regions,Region 1,2024,47,5267,32,17,0.930321,0.607556,0.322764
HHS Regions,Region 9,2024,47,17458,1031,66,6.28365,5.9056,0.37805
HHS Regions,Region 1,2024,48,5024,53,8,1.21417,1.05494,0.159236
HHS Regions,Region 9,2024,48,16746,1415,84,8.95139,8.44978,0.501612
HHS Regions,Region 1,2024,49,5921,103,22,2.11113,1.73957,0.371559
HHS Regions,Region 9,2024,49,20976,1991,119,10.0591,9.4918,0.567315
HHS Regions,Region 1,2024,50,6021,204,37,4.00266,3.38814,0.614516
HHS Regions,Region 9,2024,50,23366,3046,186,13.8321,13.036,0.796028
HHS Regions,Region 1,2024,51,6428,346,44,6.06721,5.3827,0.684505
HHS Regions,Region 9,2024,51,29208,5517,251,19.748,18.8887,0.859354
HHS Regions,Region 1,2024,52,7134,739,57,11.1578,10.3588,0.798991
HHS Regions,Region 9,2024,52,31082,6647,289,22.3152,21.3854,0.929799
HHS Regions,Region 1,2025,1,8546,1168,76,14.5565,13.6672,0.889305
HHS Regions,Region 9,2025,1,32126,6287,293,20.4819,19.5698,0.912034
HHS Regions,Region 1,2025,2,7828,1189,69,16.0705,15.1891,0.881451
HHS Regions,Region 9,2025,2,33127,6230,339,19.8297,18.8064,1.02333
HHS Regions,Region 1,2025,3,8829,1864,111,22.3695,21.1122,1.25722
HHS Regions,Region 9,2025,3,33450,7209,403,22.7564,21.5516,1.20478
HHS Regions,Region 1,2025,4,9453,2706,141,30.1174,28.6258,1.49159
HHS Regions,Region 9,2025,4,35139,8287,627,25.3678,23.5835,1.78434
HHS Regions,Region 1,2025,5,11041,3422,197,32.7778,30.9936,1.78426
HHS Regions,Region 9,2025,5,40405,9716,1041,26.6229,24.0465,2.57641
HHS Regions,Region 1,2025,6,10924,3409,279,33.7605,31.2065,2.55401
HHS Regions,Region 9,2025,6,39779,8794,1417,25.6693,22.1071,3.56218
HHS Regions,Region 1,2025,7,10102,2688,287,29.4496,26.6086,2.84102
HHS Regions,Region 9,2025,7,36066,6459,1643,22.4644,17.9088,4.55554
HHS Regions,Region 1,2025,8,8642,1821,313,24.6934,21.0715,3.62185
HHS Regions,Region 9,2025,8,30864,4257,1776,19.547,13.7928,5.75428
HHS Regions,Region 1,2025,9,8193,1225,334,19.0284,14.9518,4.07665
HHS Regions,Region 9,2025,9,26859,2747,1597,16.1733,10.2275,5.94587
HHS Regions,Region 1,2025,10,7316,897,427,18.0973,12.2608,5.83652
HHS Regions,Region 9,2025,10,22723,1709,1437,13.845,7.52101,6.32399
HHS Regions,Region 1,2025,11,7025,596,502,15.6299,8.48399,7.14591
HHS Regions,Region 9,2025,11,21518,1353,1349,12.5569,6.28776,6.26917
HHS Regions,Region 1,2025,12,6499,393,517,14.0022,6.04708,7.95507
HHS Regions,Region 9,2025,12,20234,973,1418,11.8167,4.80874,7.00801
HHS Regions,Region 1,2025,13,6059,242,507,12.3618,3.99406,8.36772
HHS Regions,Region 9,2025,13,18408,712,1329,11.0876,3.86788,7.21969
HHS Regions,Region 1,2025,14,5780,189,443,10.9343,3.2699,7.66436
HHS Regions,Region 9,2025,14,16694,566,1081,9.86582,3.39044,6.47538
HHS Regions,Region 1,2025,15,5507,125,409,9.69675,2.26984,7.42691
HHS Regions,Region 9,2025,15,16040,405,954,8.47257,2.52494,5.94763
HHS Regions,Region 1,2025,16,5032,94,337,8.56518,1.86804,6.69714
HHS Regions,Region 9,2025,16,14549,272,764,7.12076,1.86954,5.25122
HHS Regions,Region 1,2025,17,4627,70,192,5.66242,1.51286,4.14956
HHS Regions,Region 9,2025,17,13460,245,656,6.69391,1.82021,4.8737
HHS Regions,Region 1,2025,18,4365,31,126,3.59679,0.710195,2.8866
HHS Regions,Region 9,2025,18,9853,149,401,5.58206,1.51223,4.06983
HHS Regions,Region 1,2025,19,4017,11,81,2.29027,0.273836,2.01643
HHS Regions,Region 9,2025,19,4494,85,155,5.34045,1.89141,3.44904
HHS Regions,Region 1,2025,20,3871,14,44,1.49832,0.361664,1.13666
HHS Regions,Region 9,2025,20,4447,49,156,4.60985,1.10187,3.50798
HHS Regions,Region 1,2025,21,3718,12,24,0.968263,0.322754,0.645508
HHS Regions,Region 9,2025,21,4401,51,139,4.3172,1.15883,3.15837
HHS Regions,Region 1,2025,22,3666,15,18,0.900164,0.409165,0.490998
HHS Regions,Region 9,2025,22,4007,62,101,4.06788,1.54729,2.52059
HHS Regions,Region 1,2025,23,3592,13,9,0.612472,0.361915,0.250557
HHS Regions,Region 9,2025,23,4318,49,97,3.38119,1.13478,2.24641
HHS Regions,Region 1,2025,24,3241,11,7,0.555384,0.339401,0.215983
HHS Regions,Region 9,2025,24,3751,28,63,2.42602,0.746468,1.67955
HHS Regions,Region 1,2025,25,3048,9,4,0.426509,0.295276,0.131234
HHS Regions,Region 9,2025,25,3620,27,39,1.8232,0.745856,1.07735
HHS Regions,Region 1,2025,26,2993,10,3,0.434347,0.334113,0.100234
HHS Regions,Region 9,2025,26,2462,27,25,2.1121,1.09667,1.01543
HHS Regions,Region 1,2025,27,2586,10,1,0.425367,0.386698,0.0386698
HHS Regions,Region 9,2025,27,3178,28,15,1.35305,0.881057,0.471995
HHS Regions,Region 1,2025,28,2588,11,0,0.425039,0.425039,0
HHS Regions,Region 9,2025,28,3212,33,25,1.80573,1.0274,0.778331
HHS Regions,Region 1,2025,29,2534,7,1,0.315706,0.276243,0.0394633
HHS Regions,Region 9,2025,29,2936,29,20,1.66894,0.987738,0.681199
HHS Regions,Region 1,2025,30,2560,9,1,0.390625,0.351563,0.0390625
HHS Regions,Region 9,2025,30,2971,18,16,1.1444,0.605857,0.538539
HHS Regions,Region 1,2025,31,2547,10,2,0.471143,0.392619,0.0785238
HHS Regions,Region 9,2025,31,3134,31,4,1.11678,0.989151,0.127632
HHS Regions,Region 1,2025,32,2820,12,2,0.496454,0.425532,0.070922
HHS Regions,Region 9,2025,32,3135,23,5,0.893142,0.733652,0.15949
HHS Regions,Region 1,2025,33,2836,5,0,0.176305,0.176305,0
HHS Regions,Region 9,2025,33,3535,33,2,0.990099,0.933522,0.0565771
HHS Regions,Region 1,2025,34,2993,2,0,0.0668226,0.0668226,0
HHS Regions,Region 9,2025,34,3863,32,3,0.906032,0.828372,0.0776598
HHS Regions,Region 1,2025,35,3182,14,0,0.439975,0.439975,0
HHS Regions,Region 9,2025,35,4070,24,6,0.737101,0.589681,0.14742
HHS Regions,Region 1,2025,36,3431,15,1,0.466336,0.43719,0.029146
HHS Regions,Region 9,2025,36,3953,50,2,1.31546,1.26486,0.0505945
HHS Regions,Region 1,2025,37,3476,7,1,0.23015,0.201381,0.0287687
HHS Regions,Region 9,2025,37,4027,29,8,0.918798,0.720139,0.198659
HHS Regions,Region 1,2025,38,3862,9,0,0.23304,0.23304,0
HHS Regions,Region 9,2025,38,4139,26,5,0.748973,0.628171,0.120802
